<?xml version="1.0" encoding="UTF-8"?>
<manifest identifier="MID_Canvas_Mock_Exam_535353944" xmlns="http://www.imsglobal.org/xsd/imsccv1p1/imscp_v1p1" xmlns:lom="http://ltsc.ieee.org/xsd/imsccv1p1/LOM/resource" xmlns:imsmd="http://www.imsglobal.org/xsd/imsmd_v1p2" xmlns:xsi="http://www.w3.org/2001/XMLSchema-instance" xsi:schemaLocation="http://www.imsglobal.org/xsd/imsccv1p1/imscp_v1p1 http://www.imsglobal.org/xsd/imscp_v1p1.xsd http://ltsc.ieee.org/xsd/imsccv1p1/LOM/resource http://www.imsglobal.org/profile/cc/ccv1p1/LOM/ccv1p1_lomresource_v1p0.xsd http://www.imsglobal.org/xsd/imsmd_v1p2 http://www.imsglobal.org/xsd/imsmd_v1p2p2.xsd">
  <metadata>
    <schema>IMS Content</schema>
    <schemaversion>1.1.3</schemaversion>
    <imsmd:lom>
      <imsmd:general>
        <imsmd:title>
          <imsmd:string>Canvas_Mock_Exam</imsmd:string>
        </imsmd:title>
      </imsmd:general>
      <imsmd:lifeCycle>
        <imsmd:contribute>
          <imsmd:date>
            <imsmd:dateTime>2023-07-03</imsmd:dateTime>
          </imsmd:date>
        </imsmd:contribute>
      </imsmd:lifeCycle>
      <imsmd:rights>
        <imsmd:copyrightAndOtherRestrictions>
          <imsmd:value>yes</imsmd:value>
        </imsmd:copyrightAndOtherRestrictions>
        <imsmd:description>
          <imsmd:string>Private (Copyrighted) - http://en.wikipedia.org/wiki/Copyright</imsmd:string>
        </imsmd:description>
      </imsmd:rights>
    </imsmd:lom>
  </metadata>
  <organizations/>
  <resources>
    <resource identifier="Canvas_Mock_Exam_357316463" type="imsqti_xmlv1p2">
      <file href="Canvas_Mock_Exam_357316463/Canvas_Mock_Exam_357316463.xml"/>
      <dependency identifierref="MID_REF_Canvas_Mock_Exam_535353944"/>
    </resource>
    <resource identifier="MID_REF_Canvas_Mock_Exam_535353944" type="associatedcontent/imscc_xmlv1p1/learning-application-resource" href="Canvas_Mock_Exam_357316463/assessment_meta.xml">
      <file href="Canvas_Mock_Exam_357316463/assessment_meta.xml"/>
    </resource>
    <resource href="data/supplements1/unnamed-chunk-1-1.png" identifier="1234" type="webcontent">
      <file href="data/supplements1/unnamed-chunk-1-1.png"/>
    </resource>
  </resources>
</manifest>
